<?xml version="1.0" encoding="utf-8"?>
<Game1 xmlns:xsi="http://www.w3.org/2001/XMLSchema-instance"
       xsi:noNamespaceSchemaLocation="../xsd/Init_Game.xsd">
    <pacman>
        <rotation>0.25</rotation>
        <animationInterval>0.5</animationInterval>
    </pacman>
    <!--////////////////0_0//////////////////-->
    <!-- PAUL ADDITIONS FOR XSLT DATA DISPLAY //TEST-->
    
    <player_name>
        <first_name>Iguana</first_name>
        <last_name>Flying</last_name>
        <email>iguanaflying@gmail.com</email>
    </player_name>
    <player_scores>
        <tot_pellets_eaten>0</tot_pellets_eaten>
        <tot_games_played>0</tot_games_played>
        <tot_games_won>0</tot_games_won>
        <tot_games_lost>0</tot_games_lost>
    </player_scores>
    <!--////////////////////////////////////-->
    <carte>
        <map>
            <ligne>0 0 0 0 0 0 0 0 0 0 0 0 0</ligne>
            <ligne>0 1 1 1 1 1 1 1 1 1 1 1 1</ligne>
            <ligne>0 1 0 0 0 0 0 0 0 0 0 1 1</ligne>
            <ligne>0 1 1 1 1 1 1 1 1 1 1 1 1</ligne>
            <ligne>0 1 0 0 0 0 0 0 0 0 0 1 1</ligne>
            <ligne>0 1 1 1 1 1 1 1 1 1 1 1 1</ligne>
            <ligne>0 1 0 0 0 0 0 0 0 0 0 1 1</ligne>
            <ligne>0 1 1 1 1 1 1 1 1 1 1 1 1</ligne>
            <ligne>0 1 0 0 0 0 0 0 0 0 0 1 1</ligne>
            <ligne>0 1 1 1 1 1 1 1 1 1 1 1 1</ligne>
            <ligne>0 1 0 0 0 0 0 0 0 0 0 1 1</ligne>
            <ligne>0 1 1 1 1 1 1 1 1 1 1 1 1</ligne>
            <ligne>0 1 0 0 0 0 0 0 0 0 0 1 1</ligne>
            <ligne>0 0 0 0 0 0 0 0 0 0 0 0 1</ligne>
        </map>
        <taille>50</taille>
    </carte>



    <ghosts>

        <direction>
            <x>1</x>
            <y>0</y>
        </direction>
        <speed>1</speed>
    </ghosts>

    <points>
        <position>
            <x>0</x>
            <y>1</y>
        </position>
        <size> 1</size>
    </points>

    <grille>
        <ligne>1</ligne>
    </grille>
    <taille>50</taille>
    <state>playing</state>
    <SelectOption> 0</SelectOption>
    <gameOverOption>0</gameOverOption>
</Game1>